<launch>

  <!-- GDB Debug Option -->
  <arg name="launch_prefix" value="" />

  <!-- Verbose Mode Option -->
  <arg name="command_args" value="" />

  <!-- move_group settings -->
  <arg name="pipeline" default="pilz" />
  <arg name="allow_trajectory_execution" default="true"/>
  <arg name="fake_execution" default="false"/>
  <arg name="max_safe_path_cost" default="1"/>
  <arg name="jiggle_fraction" default="0.05" />
  <arg name="publish_monitored_planning_scene" default="true"/>

  <arg name="capabilities" default=""/>
  <arg name="disable_capabilities" default=""/>

  <!-- Planning Functionality -->
  <include ns="move_group" file="$(find fe_ros)/launch/include/planning_pipeline.launch.xml"/>

  <!-- Trajectory Execution Functionality -->
  <include ns="move_group" file="$(find ur10e_moveit_config)/launch/trajectory_execution.launch.xml" if="$(arg allow_trajectory_execution)">
    <arg name="moveit_manage_controllers" value="true" />
    <arg name="moveit_controller_manager" value="ur10e" unless="$(arg fake_execution)"/>
    <arg name="moveit_controller_manager" value="fake" if="$(arg fake_execution)"/>
  </include>

  <!-- Sensors Functionality -->
  <include ns="move_group" file="$(find ur10e_moveit_config)/launch/sensor_manager.launch.xml" if="$(arg allow_trajectory_execution)">
    <arg name="moveit_sensor_manager" value="ur10e" />
  </include>

  <!-- Start the actual move_group node/action server -->
  <node name="move_group" launch-prefix="$(arg launch_prefix)" pkg="moveit_ros_move_group" type="move_group" respawn="false" output="screen" args="$(arg command_args)">
    <!-- Set the display variable, in case OpenGL code is used internally -->
    <env name="DISPLAY" value="$(optenv DISPLAY :0)" />

    <param name="allow_trajectory_execution" value="$(arg allow_trajectory_execution)"/>
    <param name="max_safe_path_cost" value="$(arg max_safe_path_cost)"/>
    <param name="jiggle_fraction" value="$(arg jiggle_fraction)" />
    <param name="capabilities" value="$(arg capabilities)"/>
    <param name="disable_capabilities" value="$(arg disable_capabilities)"/>


    <!-- Publish the planning scene of the physical robot so that rviz plugin can know actual robot -->
    <param name="planning_scene_monitor/publish_planning_scene" value="$(arg publish_monitored_planning_scene)" />
    <param name="planning_scene_monitor/publish_geometry_updates" value="$(arg publish_monitored_planning_scene)" />
    <param name="planning_scene_monitor/publish_state_updates" value="$(arg publish_monitored_planning_scene)" />
    <param name="planning_scene_monitor/publish_transforms_updates" value="$(arg publish_monitored_planning_scene)" />
  </node>
  <!-- </group> -->

</launch>
